文书标题,公示日期,详情url,决定书文号,被处罚个人姓名,被处罚个人单位,被处罚机构名称,机构负责人,案由,处罚依据,处罚内容,做出处罚机构的名称,处罚日期
锦州银监分局行政处罚信息公开表,2017-10-16,http://www.cbrc.gov.cn/chinese/home/docView/66B824F190E8404FBC20A9E0FC3EC814.html,锦银监罚决字〔2017〕2号, ,null,义县农村信用合作联社,张晓晴,严重违反审慎经营规则，信贷资产质量反映不真实,《中华人民共和国银行业监督管理法》第四十六条,处人民币贰拾万元罚款,锦州银监分局,2017-9-27
长治银监分局行政处罚信息公开表,2017-10-16,http://www.cbrc.gov.cn/chinese/home/docView/E9433B9FB6AD464EAB5AF2CB1582FD00.html,长银监罚决字〔2017〕12号,null,null,长子县融汇村镇银行有限责任公司 ,李宏伟,未经任职资格审查任命高管人员、违规发放贷款等,《银监法》第四十六条,罚款25万元,长治银监分局,2017-8-25
长治银监分局行政处罚信息公开表,2017-10-16,http://www.cbrc.gov.cn/chinese/home/docView/C8115045E4DC41FC90540BC16294A185.html,长银监罚决字〔2017〕11号,晋玉兴,null,null,null,信贷资产分类不准确，违规发放贷款,《银监法》第四十八条,罚款5万元,长治银监分局,2017-3-24
长治银监分局行政处罚信息公开表,2017-10-16,http://www.cbrc.gov.cn/chinese/home/docView/C8A331E7150848F9B5B440E895A561D1.html,长银监罚决字〔2017〕10号,null,null,襄垣农村商业银行股份有限公司,石耿录,信贷资产分类不准确，违规发放贷款，资金业务不规范等,《银监法》第四十六条,罚款30万元,长治银监分局,2017-3-24
长治银监分局行政处罚信息公开表,2017-10-16,http://www.cbrc.gov.cn/chinese/home/docView/EBE4DCFE7FE34B34A5236573FB4B9FDF.html,长银监罚决字〔2017〕9号,null,null,屯留农村商业银行股份有限公司,宋素青,信贷资产分类不准确，同业业务不规范等,《银监法》第四十六条,罚款30万元,长治银监分局,2017-3-24
长治银监分局行政处罚信息公开表,2017-10-13,http://www.cbrc.gov.cn/chinese/home/docView/0563B2F96AD6443AB6BF8DFCEEE7F06C.html,长银监罚决字〔2017〕8号,王联民,null,null,null,同业业务不规范等,《银监法》第四十八条,罚款5万元,长治银监分局,2017-3-24
长治银监分局行政处罚信息公开表,2017-10-13,http://www.cbrc.gov.cn/chinese/home/docView/E94F0CC8E58D4C48969D247DCA02ADA1.html,长银监罚决字〔2017〕7号,null,null,平顺农村商业银行股份有限公司,王联民,信贷资产分类不准确，同业业务不规范等,《银监法》第四十六条,罚款20万元,长治银监分局,2017-3-24
长治银监分局行政处罚信息公开表,2017-10-13,http://www.cbrc.gov.cn/chinese/home/docView/767B9C206D0B4C70BCBCB16B47D71856.html,长银监罚决字〔2017〕6号,秦润中,null,null,null,信贷资产分类不准确等,《银监法》第四十八条,罚款5万元,长治银监分局,2017-3-24
长治银监分局行政处罚信息公开表,2017-10-13,http://www.cbrc.gov.cn/chinese/home/docView/DD62BE11EA1A46199BFD84E51AFCD29B.html,长银监罚决字〔2017〕5号,null,null,壶关农村商业银行股份有限公司,吴军,信贷资产分类不准确，同业、投资业务不规范等,《银监法》第四十六条,罚款30万元,长治银监分局,2017-3-24
中国银监会台州监管分局行政处罚信息公开表,2017-10-13,http://www.cbrc.gov.cn/chinese/home/docView/B20DAF5567BD4301A3302B594228F53B.html,台银监罚决字〔2017〕12号, ,null,中国邮政储蓄银行台州市分行,吕樟英,贷款资金转保证金为银行承兑汇票业务提供担保,《中华人民共和国银行业监督管理法》第二十一条、第四十六条；《中华人民共和国商业银行法》第三十五条；《中国银监会办公厅关于银行承兑汇票业务案件风险提示的通知》（银监办发〔2011〕206号）,罚款人民币25万元,中国银监会台州监管分局,2017-9-25
中国银监会台州监管分局行政处罚信息公开表,2017-10-13,http://www.cbrc.gov.cn/chinese/home/docView/A0636E773D4E4F0DBB2A68D2A881B48B.html,台银监罚决字〔2017〕11号, ,null,交通银行台州分行,周克,贷款资金转为存款,《中华人民共和国银行业监督管理法》第二十一条、第四十六条;《中华人民共和国商业银行法》第三十五条;《中国银监会办公厅关于银行承兑汇票业务案件风险提示的通知》（银监办发〔2011〕206号）,罚款人民币20万元,中国银监会台州监管分局,2017-9-25
中国银监会台州监管分局行政处罚信息公开表,2017-10-13,http://www.cbrc.gov.cn/chinese/home/docView/108ACAFD8C904C4894B1E9D71427DAE6.html,台银监罚决字〔2017〕10号, ,null,中国民生银行台州分行,陈贤榜,贷款资金转为保证金或定期存款为银行承兑汇票业务提供担保;信贷资金被挪用违规流入股市,《中华人民共和国银行业监督管理法》第二十一条、第四十六条；《中华人民共和国商业银行法》第三十五条；《中国银监会办公厅关于银行承兑汇票业务案件风险提示的通知》（银监办发〔2011〕206号）；《中国银监会办公厅关于进一步加强信贷管理的通知》（银监办发〔2009〕221号）,罚款人民币45万元,中国银监会台州监管分局,2017-9-19
中国银监会绍兴监管分局行政处罚信息公开表,2017-10-13,http://www.cbrc.gov.cn/chinese/home/docView/0707F5DDB27B4FF7B83AD62819A806AC.html,绍银监罚决字〔2017〕12号, ,null,绍兴银行,丁国兴,员工操作客户账户开展交易；违规代保管经客户签章但关键条款空白的信贷资料；办理无真实贸易背景银行承兑汇票业务；信贷风险管控不严且新增授信即出现不良；虚增存贷款；银行承兑汇票保证金来自信贷资金；员工与信贷客户存在资金往来,《中国银监会办公厅关于严禁银行业金融机构及其从业人员参与民间融资活动的通知》（银监办发〔2012〕160号）；《中国银监会办公厅关于加强银行业基层营业机构管理的通知》（银监办发〔2013〕245号）；《中国银监会办公厅关于落实案件防控工作有关要求的通知》（银监办发〔2012〕127号）；《中华人民共和国银行业监督管理法》第二十一条、第四十六条；《中国银监会办公厅关于进一步加强银行业务和员工行为管理的通知》（银监办发〔2014〕57号）；《中华人民共和国票据法》第十条；《中国银监会办公厅关于加强银行承兑汇票业务监管的通知》（银监办发〔2012〕286号）；《中华人民共和国商业银行法》第三十五条、第四十七条、第七十四条；《中国银监会办公厅关于进一步加强信贷管理的通知》（银监办发〔2009〕221号）；《中国银监会办公厅关于银行承兑汇票业务案件风险提示的通知》（银监办发〔2011〕206号）,罚款人民币195万元,中国银监会绍兴监管分局,2017-9-20
中国银监会绍兴监管分局行政处罚信息公开表,2017-10-13,http://www.cbrc.gov.cn/chinese/home/docView/3AA6731F914A48D9B87EB397287F811D.html,绍银监罚决字〔2017〕11号, ,null,中国邮政储蓄银行绍兴市分行,秦建平,贷款资金用作银行承兑汇票保证金；违规代保管经客户签章但关键条款空白的信贷资料,《中华人民共和国商业银行法》第三十五条；《中国银监会办公厅关于银行承兑汇票业务案件风险提示的通知》（银监办发〔2011〕206号）；《中华人民共和国银行业监督管理法》第二十一条、第四十六条；《中国银监会办公厅关于进一步加强银行业务和员工行为管理的通知》（银监办发〔2014〕57号）,罚款人民币40万元,中国银监会绍兴监管分局,2017-9-13
中国银监会绍兴监管分局行政处罚信息公开表,2017-10-13,http://www.cbrc.gov.cn/chinese/home/docView/11F1AAA004544809B146AF820F0263B9.html,绍银监罚决字〔2017〕10号, ,null,交通银行绍兴分行,黄红宇,提供不真实档案资料,《中国银监会现场检查暂行办法》第四十八条；《中华人民共和国银行业监督管理法》第四十六条,罚款人民币25万元,中国银监会绍兴监管分局,2017-9-13
中国银监会绍兴监管分局行政处罚信息公开表,2017-10-13,http://www.cbrc.gov.cn/chinese/home/docView/48FB77DD2C6645708296ADA796D38CB9.html,绍银监罚决字〔2017〕9号, ,null,浙江新昌农商银行,吴智晖,违规代保管经客户签章但关键条款空白的信贷资料；未真实转让不良资产,《中国银监会办公厅关于进一步加强银行业务和员工行为管理的通知》（银监办发〔2014〕57号）；《中华人民共和国银行业监督管理法》第二十一条、第四十六条；《中国银监会关于规范信贷资产转让及信贷资产类理财业务有关事项的通知》（银监发〔2009〕113号）,罚款人民币48万元,中国银监会绍兴监管分局,2017-9-13
中国银监会丽水监管分局行政处罚信息公开表,2017-10-12,http://www.cbrc.gov.cn/chinese/home/docView/1815756087824AE9AC267231F3374BA0.html,丽银监罚决字〔2017〕6号, ,null,中国邮政储蓄银行丽水市分行,王毅,银行承兑汇票贴现资金回流至出票企业作为开立银行承兑汇票的保证金,《中华人民共和国商业银行法》第三十五条；《中华人民共和国银行业监督管理法》第四十六条；《中国银监会办公厅关于银行承兑汇票业务案件风险提示的通知》（银监办发〔2011〕206号）,罚款人民币25万元,中国银监会丽水监管分局,2017-9-15
中国银监会丽水监管分局行政处罚信息公开表,2017-10-12,http://www.cbrc.gov.cn/chinese/home/docView/80D0F4ED656B4A16B2CFF39478C13E68.html,丽银监罚决字〔2017〕5号, ,null,交通银行丽水分行,孙靖,虚增存贷款,《中华人民共和国商业银行法》第四十七条、第七十四条；《中国银监会办公厅关于进一步加强信贷管理的通知》（银监办发〔2009〕221号）,罚款人民币55万元,中国银监会丽水监管分局,2017-9-13
"中国银行业监督管理委员会
泰州监管分局行政处罚信息公开表",2017-10-12,http://www.cbrc.gov.cn/chinese/home/docView/ABAEB331AA934BAEB0AAC56F120CF765.html,泰银监罚决字〔2017〕6号,null,null,苏州银行股份有限公司泰州分行,朱建圣,贷前调查不全面、贷款资金被挪用，严重违反审慎经营规则,《中华人民共和国银行业监督管理法》第四十六条第（五）项,罚款人民币二十万元整,"中国银行业监督管理委员会
泰州监管分局",2017-9-8
中国银监会滨州监管分局行政处罚信息公开表,2017-10-12,http://www.cbrc.gov.cn/chinese/home/docView/9B13D2DA95174242A7057C8E0FCB62C8.html,滨银监罚决字〔2017〕12号,何勇,null, , ,对机构票据业务贸易背景真实性审查不尽职、贷款调查不尽职负有直接责任。,《中华人民共和国银行业监督管理法》第四十八条,警告,中国银监会滨州监管分局,2017-9-8
中国银监会滨州监管分局行政处罚信息公开表,2017-10-12,http://www.cbrc.gov.cn/chinese/home/docView/82A2A2746A8C430D943D34DF211F4D16.html,滨银监罚决字〔2017〕11号,王洪坡,null, , ,对机构票据业务贸易背景真实性审查不尽职、贷款调查不尽职负有管理责任。,《中华人民共和国银行业监督管理法》第四十八条,警告,中国银监会滨州监管分局,2017-9-8
中国银监会滨州监管分局行政处罚信息公开表,2017-10-12,http://www.cbrc.gov.cn/chinese/home/docView/CFF03FEDCCD1414AB99A4608CBA70FF0.html,滨银监罚决字〔2017〕10号,李洪平,null, , ,对机构票据业务贸易背景真实性审查不尽职、贷款调查不尽职负有直接领导责任。,《中华人民共和国银行业监督管理法》第四十八条,警告,中国银监会滨州监管分局,2017-9-8
中国银监会滨州监管分局行政处罚信息公开表,2017-10-12,http://www.cbrc.gov.cn/chinese/home/docView/1293601061F34FD0806F388E7FAD5348.html,滨银监罚决字〔2017〕9号,孙学雷,null, , ,对机构票据业务贸易背景真实性审查不尽职、贷款调查不尽职负有领导责任。,《中华人民共和国银行业监督管理法》第四十八条,取消高级管理人员任职资格3年,中国银监会滨州监管分局,2017-9-8
中国银监会滨州监管分局行政处罚信息公开表,2017-10-12,http://www.cbrc.gov.cn/chinese/home/docView/931A8F3C195241758B1520728A480F14.html,滨银监罚决字〔2017〕8号, ,null,中国农业银行股份有限公司邹平县支行,郭志伟,票据业务贸易背景真实性审查不尽职、贷款调查不尽职,《中华人民共和国银行业监督管理法》第四十六条,罚款49万元,中国银监会滨州监管分局,2017-9-8
四平银监分局行政处罚信息公开表,2017-10-12,http://www.cbrc.gov.cn/chinese/home/docView/E6361EE9812A4DE683EEA072CB7D13E8.html,四银监罚决字〔2017〕23号, , ,伊通满族自治县农村信用合作联社,于春,伊通满族自治县农村信用合作联社贷款集中度超比例,1.《中华人民共和国商业银行法》第三十九条第（四）项；2.《中华人民共和国银行业监督管理法》第二十一条和第四十六条第（五）项。,罚款20万元,四平银监分局,2017-9-25
四平银监分局行政处罚信息公开表,2017-10-12,http://www.cbrc.gov.cn/chinese/home/docView/61DE7808BC7A4A27BDD579AD0547F7A4.html,四银监罚决字〔2017〕22号,姜志国,梨树县闫家村百信农村资金互助社, ,,梨树县闫家村百信农村资金互助社违规办理域外存款、贷款，违规垫款购建办公楼。综合职务、岗位职责、履职情况以及在违法行为发生过程中所起的实际作用等方面，理事长姜志国负直接领导责任。,《中华人民共和国银行业监督管理法》第二十一条和第四十八条第（二）项,警告并处罚款5万元,四平银监分局,2017-9-25
四平银监分局行政处罚信息公开表,2017-10-12,http://www.cbrc.gov.cn/chinese/home/docView/4F95417861B24558B4E69351826A67C3.html,四银监罚决字〔2017〕21号,孙野,梨树县农村信用合作联社, ,,梨树农村信用联社不具备资质违规办理同业业务。综合职务、岗位职责、履职情况以及在违法行为发生过程中所起的实际作用等方面，主任助理孙野应负直接领导责任。,《中华人民共和国银行业监督管理法》第二十一条和《中华人民共和国银行业监督管理法》第四十八条第（二）项,警告,四平银监分局,2017-9-25
四平银监分局行政处罚信息公开表,2017-10-12,http://www.cbrc.gov.cn/chinese/home/docView/8F28428FAC0D4F96B4EA4B1DA924330A.html,四银监罚决字〔2017〕20号,李大鹏,梨树县农村信用合作联社, ,,梨树县农村信用合作联社违规发放贷款。综合职务、岗位职责、履职情况以及在违法行为发生过程中所起的实际作用等方面，原副主任李大鹏应负直接领导责任。,1.《流动资金贷款管理暂行办法》第九条和第十六条；2.《中华人民共和国银行业监督管理法》第二十一条和第四十八条第（二）项,警告,四平银监分局,2017-9-25
四平银监分局行政处罚信息公开表,2017-10-12,http://www.cbrc.gov.cn/chinese/home/docView/9498108286BE4C37AE74E36CCD456662.html,四银监罚决字〔2017〕19号,张晓辉,梨树县农村信用合作联社, ,,梨树县农村信用合作联社违规发放贷款。综合职务、岗位职责、履职情况以及在违法行为发生过程中所起的实际作用等方面，副主任张晓辉应负直接领导责任。,1.《流动资金贷款管理暂行办法》第九条和第十六条；2.《中华人民共和国银行业监督管理法》第二十一条和第四十八条第（二）项,警告,四平银监分局,2017-9-25
四平银监分局行政处罚信息公开表,2017-10-12,http://www.cbrc.gov.cn/chinese/home/docView/991C357C70DD41AA9276C0EAC139102C.html,四银监罚决字〔2017〕18号,田晓兵,梨树县农村信用合作联社, ,,梨树县农村信用合作联社存在着以下违法行为：1.违规发放贷款；2.不具备资质违规办理同业业务。综合职务、岗位职责、履职情况以及在违法行为发生过程中所起的实际作用等方面，原主任田晓兵应负领导责任,1.《流动资金贷款管理暂行办法》第九条和第十六条；2.《中华人民共和国银行业监督管理法》第二十一条和《中华人民共和国银行业监督管理法》第四十八条第（二）项,警告并处罚款5万元,四平银监分局,2017-9-25
四平银监分局行政处罚信息公开表,2017-10-12,http://www.cbrc.gov.cn/chinese/home/docView/530F58998B9B43888FE1457CB810C73D.html,四银监罚决字〔2017〕17号,杜春伟,梨树县农村信用合作联社, ,,梨树县农村信用合作联社存在着以下违法行为：1.违规发放贷款；2.不具备资质违规办理同业业务。综合职务、岗位职责、履职情况以及在违法行为发生过程中所起的实际作用等方面，原理事长杜春伟应负主要领导责任。,1.《流动资金贷款管理暂行办法》第九条和第十六条；2.《中华人民共和国银行业监督管理法》第二十一条和第四十八条第（二）项,警告并处罚款5万元,四平银监分局,2017-9-25
四平银监分局行政处罚信息公开表,2017-10-12,http://www.cbrc.gov.cn/chinese/home/docView/81886E17A4DB4B5EB14324A3DFE6A7EC.html,四银监罚决字〔2017〕16号, , ,梨树县农村信用合作联社,张杰清,"1.违规发放贷款；
2.不具备资质违规办理同业业务。",1.《流动资金贷款管理暂行办法》第九条和第十六条；2.《中华人民共和国银行业监督管理法》第二十一条和第四十六条第（五）项。,罚款40万元,四平银监分局,2017-9-25
四平银监分局行政处罚信息公开表,2017-10-12,http://www.cbrc.gov.cn/chinese/home/docView/3875F221C1DB4DEA8AC3E05ECB43DF56.html,四银监罚决字〔2017〕15号,张旭,四平市城区农村信用合作联社, ,,四平市城区农村信用合作联社违反监管规定，通过调整贷款分类、虚假盘活掩盖不良。综合职务、岗位职责、履职情况以及在违法行为发生过程中所起的实际作用等方面，主管风险管理部副主任张旭负直接领导责任。,1.《个人贷款管理暂行办法》第十一条第（五）项；2.《中华人民共和国银行业监督管理法》第二十一条和第四十八条第（二）项,警告,四平银监分局,2017-9-25
四平银监分局行政处罚信息公开表,2017-10-12,http://www.cbrc.gov.cn/chinese/home/docView/9042F77B1C134E24931595B04D1A9751.html,四银监罚决字〔2017〕14号, , ,四平市城区农村信用合作联社,刘国瑞,违反监管规定，通过调整贷款分类、虚假盘活掩盖不良。,1.《个人贷款管理暂行办法》第十一条第（五）项；2．《中华人民共和国银行业监督管理法》第二十一条和第四十六条第（五）项。,罚款20万元,四平银监分局,2017-9-25
四平银监分局行政处罚信息公开表,2017-10-12,http://www.cbrc.gov.cn/chinese/home/docView/E72E8A6E149D4F038CB91DA5FEE96A1E.html,四银监罚决字〔2017〕13号,苏广军,吉林春城农村商业银行股份有限公司, ,,吉林春城农村商业银行股份有限公司有以下违法行为：1.抵债资产风险五级分类不准确，少提抵债资产减值准备；2.不具备资质违规办理同业业务。综合职务、岗位职责、履职情况以及在违法行为发生过程中所起的实际作用等方面，分管副行长苏广军负直接领导责任。,《中华人民共和国银行业监督管理法》第二十一条和第四十八条第（二）项。,警告,四平银监分局,2017-9-25
四平银监分局行政处罚信息公开表,2017-10-12,http://www.cbrc.gov.cn/chinese/home/docView/6FF3BC9F30F54EE39C90769433BE74E9.html,四银监罚决字〔2017〕12号, , ,吉林春城农村商业银行股份有限公司,陈新哲,"1.抵债资产风险五级分类不准确，少提抵债资产减值准备；
2.不具备资质违规办理同业业务。",《中华人民共和国银行业监督管理法》第二十一条和第四十六条第（五）项。,罚款20万元,四平银监分局,2017-9-25
四平银监分局行政处罚信息公开表,2017-10-12,http://www.cbrc.gov.cn/chinese/home/docView/C4AE7ED0AA574FE081852C4FCBC26B6A.html,四银监罚决字〔2017〕11号, , ,吉林公主岭农村商业银行股份有限公司,李国英,"1.违规发放银（社）团贷款；
2.不具备资质违规办理同业业务。",1.《流动资金贷款管理暂行办法》第十六条；2.《中华人民共和国银行业监督管理法》第二十一条和第四十六条第（五）项。,罚款40万元,四平银监分局,2017-9-25
长治银监分局行政处罚信息公开表,2017-10-12,http://www.cbrc.gov.cn/chinese/home/docView/9E45882682474C56AD4E63A871B6F153.html,长银监罚决字〔2017〕4号,李强,null,null,null,贷后管理不到位,《银监法》第四十八条,警告,长治银监分局,2017-3-24
长治银监分局行政处罚信息公开表,2017-10-12,http://www.cbrc.gov.cn/chinese/home/docView/59F16FEC6C624F9B8550222E4B2588F5.html,长银监罚决字〔2017〕3号,丁永庆,null,null,null,贷后管理不到位,《银监法》第四十八条,警告,长治银监分局,2017-3-24
长治银监分局行政处罚信息公开表,2017-10-12,http://www.cbrc.gov.cn/chinese/home/docView/2B491932EF3C4F97B38F12E8C536E38F.html,长银监罚决字〔2017〕2号,null,null,中国农业银行股份有限公司长治市分行,刘爱民,贷后管理不到位,《银监法》第四十六条,罚款20万元,长治银监分局,2017-3-24
长治银监分局行政处罚信息公开表,2017-10-12,http://www.cbrc.gov.cn/chinese/home/docView/8CB57D0FC3514F319956E0F0D69146CC.html,长银监罚决字〔2017〕1号,null,null,渤海银行股份有限公司长治分行,张映勇,未经任职资格审查任命高管人员,《银监法》第四十六条,罚款20万元,长治银监分局,2017-3-24
运城银监分局行政处罚信息公开表,2017-10-11,http://www.cbrc.gov.cn/chinese/home/docView/92F8FBE5CBCB447EB78399A92168E6BF.html,运银监罚决字〔2017〕18号,谢毅,null, , ,作为中国工商银行运城分行实物管理中心工作人员，在ATM备钞装箱过程中挪用备钞款。,《中华人民共和国银行业监督管理法》第四十八条第（三）项,禁止终身从事银行业工作,运城银监分局,2017-9-25
运城银监分局行政处罚信息公开表,2017-10-11,http://www.cbrc.gov.cn/chinese/home/docView/E9A40A1A87AB40849CE44484828CBF3A.html,运银监罚决字〔2017〕17号,蔡世红,null, , ,蔡世红在中国工商银行运城分行实物管理中心实物配送岗位工作期间，在自动柜员机备钞出库、备钞封装等环节未落实 “双人”管理制度，对该行谢毅挪用ATM备用款项负直接责任。,《中华人民共和国银行业监督管理法》第四十八条第（二）项,警告,运城银监分局,2017-9-18
运城银监分局行政处罚信息公开表,2017-10-11,http://www.cbrc.gov.cn/chinese/home/docView/CB2D6716397F49819E8A019E58E68834.html,运银监罚决字〔2017〕16号, ,null,中国工商银行股份有限公司运城分行,靳小红,中国工商银行运城分行未严格执行双人办理业务规定，对员工行为监督、排查不到位，内部控制严重违反审慎经营规则。,《中华人民共和国银行业监督管理法》第四十六条第（五）项,罚款20万元,运城银监分局,2017-9-18
中国银监会泰安监管分局行政处罚信息公开表,2017-10-10,http://www.cbrc.gov.cn/chinese/home/docView/DF96F187420440E588A274951B5F4639.html,泰银监罚决字〔2017〕11号, ,null,山东东平农村商业银行,吴国栋,对贷款资金用途管控不力,《个人贷款管理暂行办法》第四十二条，《中华人民共和国银行业监督管理法》第四十六条,罚款20万元,中国银监会泰安监管分局,2017-9-6
中国银监会泰安监管分局行政处罚信息公开表,2017-10-10,http://www.cbrc.gov.cn/chinese/home/docView/93F3C89D14E8439D85919F775F0E72CE.html,泰银监罚决字〔2017〕10号, ,null,建设银行泰安分行,姜学军,违规收取银团贷款融资管理费。,《中华人民共和国商业银行法》第七十三条,罚款40万元,中国银监会泰安监管分局,2017-9-6
中国银监会张掖监管分局行政处罚信息公开表,2017-10-10,http://www.cbrc.gov.cn/chinese/home/docView/BF112BEE0B984350A006F00B4AC09023.html,张银监罚字〔2017〕第3号,冯朝晖,null, ,石兵,违反审慎经营规则,《银监法》第四十八条,取消高管任职资格二年,中国银监会张掖监管分局,2017-9-14
中国银监会张掖监管分局行政处罚信息公开表,2017-10-10,http://www.cbrc.gov.cn/chinese/home/docView/7A4B701DCA0A4BF3915A5C0BBE94779D.html,张银监罚字〔2017〕第2号,曹飞,null, ,石兵,贪污公款,《银监法》第四十八条,禁止终身从事银行业工作,中国银监会张掖监管分局,2017-9-14
中国银监会张掖监管分局行政处罚信息公开表,2017-10-10,http://www.cbrc.gov.cn/chinese/home/docView/C555DA0E45A84982A2E272851FFC7CDA.html,张银监罚字〔2017〕第1号, ,null,农业银行张掖分行,石兵,违反审慎经营规则,《银监法》第二十一条,罚款30万元,中国银监会张掖监管分局,2017-9-14
晋中银监分局  行政处罚信息公开表,2017-10-10,http://www.cbrc.gov.cn/chinese/home/docView/8397BA32077045E3BB578E053316756A.html,晋中银监罚〔2017〕8号, ,null,昔阳县农村信用合作联社,武栋,"一、房地产抵押贷款房屋登记费用由借款人支付，转嫁费用。
二、集团客户贷款超规定比例。
  ",《商业银行法》第七十三条第四款，《中华人民共和国银行业监督管理法》第四十六条第五款,罚款二十五万元。,晋中银监分局  ,2017-2-17
晋中银监分局  行政处罚信息公开表,2017-10-10,http://www.cbrc.gov.cn/chinese/home/docView/399290E70CFE4BEB86083B0D8C2F1B52.html,晋中银监罚〔2017〕7号, ,null,晋中市左权华丰村镇银行股份有限公司,成晓冰 ,"一、通过当月发放当月收回的方式发放超比例贷款，规避监管。
二、未严格执行贷款“三查”制度，发放借名贷款。
   ",《中华人民共和国银行业监督管理法》第四十六条第五款,罚款三十万元。,晋中银监分局  ,2017-2-6
晋中银监分局  行政处罚信息公开表,2017-10-10,http://www.cbrc.gov.cn/chinese/home/docView/D37DE82D30654851858A4D4F35858AEE.html,晋中银监罚〔2017〕6号, ,null,和顺县农村信用合作联社,薛永刚,"一、房地产抵押贷款房屋登记费用由借款人支付。
二、集团客户授信集中度超规定比例。
  ","《商业银行法》第七十三条第四款，《中华人民共和国银行业监督管理法》第四十六条第五款。
 ",罚款二十五万元。,晋中银监分局  ,2017-2-6
晋中银监分局  行政处罚信息公开表,2017-10-10,http://www.cbrc.gov.cn/chinese/home/docView/655168492FB14CE382608654B19F25AD.html,晋中银监罚〔2017〕5号,温卫丽,null,介休市华都村镇银行有限责任公司,吕元平,"发放借名贷款。
        ",《中华人民共和国银行业监督管理法》第四十六条第五款，第四十八条第三款。,罚款20万元；取消温卫丽终身的任职资格。 ,晋中银监分局  ,2017-2-6
"中国银行业监督管理委员会
无锡监管分局行政处罚信息公开表",2017-10-09,http://www.cbrc.gov.cn/chinese/home/docView/A2CC967722DB49F5A4E54B5F24C32022.html,锡银监罚决字〔2017〕5号,null,null,华夏银行股份有限公司无锡分行,宋晋生,以出具暗保协议的方式办理委托投资业务,《中华人民共和国银行业监督管理法》第四十六条第（五）项,罚款人民币二十五万元整,"中国银行业监督管理委员会
无锡监管分局",2017-9-5
晋中银监分局  行政处罚信息公开表,2017-10-09,http://www.cbrc.gov.cn/chinese/home/docView/04C370F2C7E44EC4A149F3D13F251B3A.html,晋中银监罚〔2017〕4号, ,null,灵石县汇民村镇银行有限责任公司,高玉萍,"一、集团客户授信集中度超规定比例。
二、未严格执行贷款“三查”制度，发放借名贷款。
       ","《中华人民共和国银行业监督管理法》第四十六条第五款。
 ",罚款二十万元。,晋中银监分局  ,2017-2-6
晋中银监分局  行政处罚信息公开表,2017-10-09,http://www.cbrc.gov.cn/chinese/home/docView/10F4DFC41D8C40F88D59162C9AC795EB.html,晋中银监罚〔2017〕3号, ,null,榆次农村商业银行股份有限公司,曹双马,"一、降低企业融资成本的有关政策执行不到位，将应由贷款人负担的费用转嫁借款人。
二、签发无真实贸易背景的承兑汇票。
   ",《中华人民共和国商业银行法》第七十三条，《中华人民共和国银行业监督管理法》第四十六条第五款。,罚款二十五万元。,晋中银监分局  ,2017-2-6
晋中银监分局  行政处罚信息公开表,2017-10-09,http://www.cbrc.gov.cn/chinese/home/docView/7E182C8677D34E059C7050F6BF9B9AF0.html,晋中银监罚〔2017〕2号, ,null,灵石农村商业银行股份有限公司,马建宏,"一、降低企业融资成本的政策执行不到位，将应由贷款人负担的费用转嫁借款人。
二、贴现的贸易背景真实性审查不到位。
 ",《中华人民共和国商业银行法》第七十三条，《中华人民共和国银行业监督管理法》第四十六条第五款。,"罚款二十五万元。
 ",晋中银监分局  ,2017-2-6
晋中银监分局  行政处罚信息公开表,2017-10-09,http://www.cbrc.gov.cn/chinese/home/docView/0E3FF1327BEF4018B7203A01D1F6509F.html,晋中银监罚〔2017〕1号, ,null,中国农业银行晋中分行,杨洪,"抽查发现四个县支行存在发放房屋抵押贷款，抵押物评估费均由客户负担
    ",《商业银行法》，中国银监会办公厅《关于答复部分银监局银行服务价格相关问题的函》（银监办便函〔2017〕546号），《中国银监会关于整治银行业金融机构不规范经营的通知》（银监发〔2012〕3号）,罚款五万元。,晋中银监分局  ,2017-1-17
中国银监会潍坊监管分局行政处罚信息公开表,2017-10-09,http://www.cbrc.gov.cn/chinese/home/docView/7626259138F84F01AEB3DB7A5C263983.html,潍银监罚决字〔2017〕10号, ,null,山东青州农村商业银行股份有限公司,李全富,未按监管规定贷前调查、贷后管理,《中华人民共和国银行业监督管理法》第四十六条、《个人贷款管理暂行办法》第四十二条,罚款50万元,中国银监会潍坊监管分局,2017-9-5
中国银监会潍坊监管分局行政处罚信息公开表,2017-10-09,http://www.cbrc.gov.cn/chinese/home/docView/76839A64080448749F1605067C78E29A.html,潍银监罚决字〔2017〕9号, ,null,山东寿光农村商业银行股份有限公司,颜廷军,未对集团客户统一授信等,《中华人民共和国银行业监督管理法》第四十六条、《流动资金贷款管理暂行办法》第三十九条,罚款50万元,中国银监会潍坊监管分局,2017-9-5
中国银监会鹰潭监管分局行政处罚信息公开表,2017-09-30,http://www.cbrc.gov.cn/chinese/home/docView/C44D99298B8B46EA9597491956BD0138.html,鹰银监罚决字[2017]9号,null,null,鹰潭农村商业银行股份有限公司,吴建华,违规向关系人发放信用贷款,《中华人民共和国银行业监督管理法》第四十六条,罚款人民币20万元，并责令对相关责任人给予纪律处分,中国银监会鹰潭监管分局,2017-9-4
中国银监会鹰潭监管分局行政处罚信息公开表,2017-09-30,http://www.cbrc.gov.cn/chinese/home/docView/5C726035A408467BA4FDE515CE987033.html,鹰银监罚决字[2017]8号,周建平,null,鹰潭农村商业银行股份有限公司,吴建华,对鹰潭农村商业银行股份有限公司违规办理同业业务负管理责任,《中华人民共和国银行业监督管理法》第四十八条,警告,中国银监会鹰潭监管分局,2017-9-4
中国银监会鹰潭监管分局行政处罚信息公开表,2017-09-30,http://www.cbrc.gov.cn/chinese/home/docView/FAE514A5207E427CB3907AB28DF1A6C3.html,鹰银监罚决字[2017]7号,null,null,鹰潭农村商业银行股份有限公司,吴建华,违规办理同业业务,《中华人民共和国银行业监督管理法》第四十六条,罚款人民币25万元,中国银监会鹰潭监管分局,2017-9-4
中国银监会鹰潭监管分局行政处罚信息公开表,2017-09-30,http://www.cbrc.gov.cn/chinese/home/docView/CF3D24D46D9A464F98CDF179E502A3E1.html,鹰银监罚决字[2017]6号,null,null,中国邮政储蓄银行股份有限公司鹰潭市分行,李力群,贷款五级分类不准确,《中华人民共和国银行业监督管理法》第四十六条,"罚款人民币30万元,并责令对相关责任人给予纪律处分",中国银监会鹰潭监管分局,2017-9-4
中国银监会德州监管分局行政处罚信息公开表,2017-09-28,http://www.cbrc.gov.cn/chinese/home/docView/3443D59F57824A17B9C1304AB4EF7065.html,德银监罚决字〔2017〕4号, ,null,山东宁津农村商业银行股份有限公司柴胡店支行,王永胜,未按监管规定进行贷前调查,《中华人民共和国银行业监督管理法》第四十六条。,罚款20万元,中国银监会德州监管分局,2017-8-31
中国银监会滨州监管分局行政处罚信息公开表,2017-09-28,http://www.cbrc.gov.cn/chinese/home/docView/7C80A7361A0C4D7AAC9A8DD16A4375E4.html,滨银监罚决字〔2017〕7号, ,null,邹平农村商业银行股份有限公司,刘长平,违规发放贷款等,《中华人民共和国银行业监督管理法》第四十六条,罚款40万元,中国银监会滨州监管分局,2017-9-1
中国银监会黄山监管分局行政处罚信息公开表,2017-09-27,http://www.cbrc.gov.cn/chinese/home/docView/41A3E5DF86064269A7D9902DA82AB0FB.html,    黄银监罚决字〔2017〕5号,崔俊杰、冀长领,null,安徽黟县新淮河村镇银行,张德彬,提供虚假报表,《中华人民共和国银行业监督管理法》第四十六条第（三）项、第四十八条第（二）项,"对该行罚款30万元人民币
对崔俊杰罚款5万元人民币
对冀长领给予警告处分",中国银监会黄山监管分局,2017-8-18
中国银监会黄山监管分局行政处罚信息公开表,2017-09-27,http://www.cbrc.gov.cn/chinese/home/docView/9B80BBBCF90E4EAF9692CF80601B4C8C.html,    黄银监罚决字〔2017〕4号, ,null,黄山徽州农村商业银行西溪南支行,凌三中,信贷资金改变用途,《中华人民共和国银行业监督管理法》第四十六条第（五）项、《个人贷款管理暂行办法》第三十五条和第三十八条,罚款20万元人民币,中国银监会黄山监管分局,2017-8-18
中国银监会黄山监管分局行政处罚信息公开表,2017-09-27,http://www.cbrc.gov.cn/chinese/home/docView/9848727674C94DD58F9C38A8B5249CC7.html,    黄银监罚决字〔2017〕3号, ,null,邮储银行黄山市分行,刘宏平,信贷资金改变用途,《中华人民共和国银行业监督管理法》第四十六条第（五）项、《流动资金贷款管理暂行办法》第九条,罚款20万元人民币,中国银监会黄山监管分局,2017-8-18
抚顺银监分局行政处罚信息公开表,2017-09-25,http://www.cbrc.gov.cn/chinese/home/docView/9BCCA83BA60744588F92923AEB7A23BA.html,抚银监罚决字〔2017〕6号,于福恩,null, , ,中国农业发展银行辽宁省清原满族自治县支行的金融许可证被损坏。,《金融许可证管理办法》第十六条,对于福恩处以罚款两万元的行政处罚。,抚顺银监分局,2017-9-13
抚顺银监分局行政处罚信息公开表,2017-09-25,http://www.cbrc.gov.cn/chinese/home/docView/4B82C42DFA7946FC86FCCB02A01A63FE.html,抚银监罚决字〔2017〕5号, ,null,中国农业发展银行辽宁省清原满族自治县支行,于福恩,中国农业发展银行辽宁省清原满族自治县支行的金融许可证被损坏。,《金融许可证管理办法》第十六条,对农业发展银行清原县支行处以警告。,抚顺银监分局,2017-9-13
咸阳银监分局行政处罚信息公开表,2017-09-22,http://www.cbrc.gov.cn/chinese/home/docView/6E529FBB2F7A4C419EBBEF40E315F483.html,咸银监罚决字〔2017〕2号,——,null,陕西彬县农村商业银行股份有限公司,苟君旭,"    陕西彬县农村商业银行股份有限公司以本行股权作为质押物发放贷款违反监管规定
   ",《商业银行与内部人和股东关联交易管理办法》（中国银监会令2004年第3号）第四十二条、第四十三条,"  责令改正，并处23万元罚款；责令该行对责任人黄蓉、王文斌、陈伟、王鹏给予纪律处分
 ",咸阳银监分局,2017-8-31
咸阳银监分局行政处罚信息公开表,2017-09-22,http://www.cbrc.gov.cn/chinese/home/docView/BAB95A107C5C4AA09247D244B5A912A8.html,咸银监罚决字〔2017〕1号,——,null,陕西咸阳渭城农村商业银行股份有限公司,梁成林,"  陕西咸阳渭城农村商业银行股份有限公司以本行股权作为质押物发放贷款违反监管规定
 ",《商业银行与内部人和股东关联交易管理办法》（中国银监会令2004年第3号）第四十二条、第四十三条,"  责令改正，并处26万元罚款；责令该行对责任人于伟、王艳给予纪律处分
 ",咸阳银监分局,2017-8-31
中国银监会淄博监管分局行政处罚信息公开表,2017-10-16,http://www.cbrc.gov.cn/chinese/home/docView/B1682988B79B4ABAA0B2EC0B98FAABD0.html,淄银监罚决字〔2017〕6号, ,null,山东张店农村商业银行股份有限公司,张玉山,违规发放贷款,《流动资金贷款管理暂行办法》第三十九条、《中华人民共和国银行业监督管理法》第四十六条、《中华人民共和国行政处罚法》第二十七条,罚款20万元,中国银监会淄博监管分局,2017-9-13
锦州银监分局行政处罚信息公开表,2017-10-16,http://www.cbrc.gov.cn/chinese/home/docView/D4A5A8E6DD524CC3ABE4076DE29486B7.html,锦银监罚决字〔2017〕1号, ,null,北镇市农村信用合作联社,刘荣凯,严重违反审慎经营规则，违规办理存款业务,《中华人民共和国银行业监督管理法》第四十六条,处人民币贰拾万元罚款,锦州银监分局,2017-9-25
吕梁银监分局行政处罚信息公开表,2017-10-20,http://www.cbrc.gov.cn/chinese/home/docView/12E66EAD8AE9473FBCC542D58365F690.html,吕银监罚决字〔2017〕18号,  ,null,交口县农村信用合作联社  ,崔利平    ,参与某公司社团贷款时，未对借款人的信用状况进行独立评估,《中华人民共和国银行业监督管理法》第四十六条规定,罚款30万元,吕梁银监分局,2017-4-21
吕梁银监分局行政处罚信息公开表,2017-10-20,http://www.cbrc.gov.cn/chinese/home/docView/629BA4941AD648858BC99E71FEB17772.html,吕银监罚决字〔2017〕17号,吕国平  ,null, , ,参与某公司社团贷款时，未对借款人的信用状况进行独立评估,《中华人民共和国银行业监督管理法》第四十八条规定,警告,吕梁银监分局,2017-4-21
吕梁银监分局行政处罚信息公开表,2017-10-20,http://www.cbrc.gov.cn/chinese/home/docView/D02245F261794671AF07EB1121ED2CDC.html,吕银监罚决字〔2017〕16号,  ,null,临县农村信用合作联社  ,高峰   ,参与某公司社团贷款时，未对借款人的信用状况进行独立评估,《中华人民共和国银行业监督管理法》第四十六条规定,罚款30万元,吕梁银监分局,2017-4-21
吕梁银监分局行政处罚信息公开表,2017-10-20,http://www.cbrc.gov.cn/chinese/home/docView/07327B0D65374519B110052B8E89AFE5.html,吕银监罚决字〔2017〕15号,冯建华    ,null, , ,贷款调查不尽职；贷款审查不严；对单一客户超比例授信；发放贷款置换银行承兑汇票垫款,《中华人民共和国银行业监督管理法》第四十八条规定,警告,吕梁银监分局,2017-4-21
吕梁银监分局行政处罚信息公开表,2017-10-20,http://www.cbrc.gov.cn/chinese/home/docView/7B9B599AEAC94DCAA41F8B1F715760FD.html,吕银监罚决字〔2017〕14号,刘明侠   ,null, , ,贷款调查不尽职；贷款审查不严；对单一客户超比例授信；发放贷款置换银行承兑汇票垫款,《中华人民共和国银行业监督管理法》第四十八条规定,警告并罚款5万元,吕梁银监分局,2017-4-21
吕梁银监分局行政处罚信息公开表,2017-10-19,http://www.cbrc.gov.cn/chinese/home/docView/CF15F52CC7384F15AB46094A4AE7211D.html,吕银监罚决字〔2017〕13号, ,null,岚县农村信用合作联社,李永明  ,贷款调查不尽职；贷款审查不严；对单一客户超比例授信；发放贷款置换银行承兑汇票垫款,《中华人民共和国银行业监督管理法》第四十六条规定,罚款50万元,吕梁银监分局,2017-4-21
吕梁银监分局行政处罚信息公开表,2017-10-19,http://www.cbrc.gov.cn/chinese/home/docView/1BCB2CE6D0894BA2BF4496013594EA46.html,吕银监罚决字〔2017〕12号,"李利平
 ",null, , ,违规股金分红,《中华人民共和国银行业监督管理法》第四十八条规定,警告,吕梁银监分局,2017-4-21
吕梁银监分局行政处罚信息公开表,2017-10-19,http://www.cbrc.gov.cn/chinese/home/docView/0033D366E4654E3DBE0EF4BD2628855E.html,吕银监罚决字〔2017〕11号, ,null,吕梁孝义汇通村镇银行股份有限公司,"牛成涛（代为履职）
 ",违规股金分红,《中华人民共和国银行业监督管理法》第四十六条规定,罚款20万元,吕梁银监分局,2017-4-21
吕梁银监分局行政处罚信息公开表,2017-10-19,http://www.cbrc.gov.cn/chinese/home/docView/12173E648F1D498392322B54C018A243.html,吕银监罚决字〔2017〕10号,王莉,null, , ,无视监管意见，继续发放大额贷款；发放个贷企用借名贷款；违规办理信托资金业务后，监管部门提出整改意见但无实质性进展；违规发放股东关联贷款,《中华人民共和国银行业监督管理法》第四十八条规定,警告,吕梁银监分局,2017-4-21
吕梁银监分局行政处罚信息公开表,2017-10-19,http://www.cbrc.gov.cn/chinese/home/docView/F090B4AD48684B10B683414A6313435B.html,吕银监罚决字〔2017〕9号,任怀雄    ,null, , ,无视监管意见，继续发放大额贷款；发放个贷企用借名贷款；违规办理信托资金业务后，监管部门提出整改意见但无实质性进展；违规发放股东关联贷款,《中华人民共和国银行业监督管理法》第四十八条规定,警告,吕梁银监分局,2017-4-21
汉中银监分局行政处罚信息公开表,2017-10-19,http://www.cbrc.gov.cn/chinese/home/docView/7EAEC7596AA04A29B517C000C5323387.html,汉银监罚决字〔2017〕1号,           ——,null,中国银行勉县支行, 李俊,"    银行承兑汇票贴现业务中，授信资料和贸易背景审查不严，严重违反审慎经营规则。
     ",   《中华人民共和国银行业监督管理法》第四十六条,罚款25万元。,汉中银监分局,2017-9-27
吕梁银监分局行政处罚信息公开表,2017-10-18,http://www.cbrc.gov.cn/chinese/home/docView/85B372E8186C4E498F691408057AE828.html,吕银监罚决字〔2017〕8号,裴会生  ,null, , ,无视监管意见，继续发放大额贷款；发放个贷企用借名贷款；违规办理信托资金业务后，监管部门提出整改意见但无实质性进展；违规发放股东关联贷款,《中华人民共和国银行业监督管理法》第四十八条规定,警告,吕梁银监分局,2017-4-21
吕梁银监分局行政处罚信息公开表,2017-10-18,http://www.cbrc.gov.cn/chinese/home/docView/396FD3C1931B483799D6B5AA474115E0.html,吕银监罚决字〔2017〕7号, ,null,柳林汇泽村镇银行股份有限公司 ,任怀雄  ,无视监管意见，继续发放大额贷款；发放个贷企用借名贷款；违规办理信托资金业务后，监管部门提出整改意见但无实质性进展；违规发放股东关联贷款,《中华人民共和国银行业监督管理法》第四十六条规定,罚款20万元,吕梁银监分局,2017-4-21
吕梁银监分局行政处罚信息公开表,2017-10-18,http://www.cbrc.gov.cn/chinese/home/docView/468A504DA3494C4DB46193D2B48E7C1D.html,吕银监罚决字〔2017〕6号,王瑾明  ,null, , ,为掩盖不良资产，发放借名贷款用于归还关联企业贷款本息;利用同业科目办理资金通道业务，变相授信或隐藏不良资产，规避监管,《中华人民共和国银行业监督管理法》第四十八条规定,警告并罚款5万元,吕梁银监分局,2017-4-21
吕梁银监分局行政处罚信息公开表,2017-10-18,http://www.cbrc.gov.cn/chinese/home/docView/BDFA23CEAC48414687D02FC29C61657E.html,吕银监罚决字〔2017〕5号,赵忠民 ,null, , ,为掩盖不良资产，发放借名贷款用于归还关联企业贷款本息;利用同业科目办理资金通道业务，变相授信或隐藏不良资产，规避监管,《中华人民共和国银行业监督管理法》第四十八条规定,警告并罚款5万元,吕梁银监分局,2017-4-21
吕梁银监分局行政处罚信息公开表,2017-10-18,http://www.cbrc.gov.cn/chinese/home/docView/37940EE7F81D456EA5BEA460C4C3EF3F.html,吕银监罚决字〔2017〕4号, ,null,交城农商行,周亚军 ,为掩盖不良资产，发放借名贷款用于归还关联企业贷款本息;利用同业科目办理资金通道业务，变相授信或隐藏不良资产，规避监管,《中华人民共和国银行业监督管理法》第四十六条规定,罚款50万元,吕梁银监分局,2017-4-21
吕梁银监分局行政处罚信息公开表,2017-10-17,http://www.cbrc.gov.cn/chinese/home/docView/49BEE67FE93D47F3832ABCF1118BFE1A.html,吕银监罚决字〔2017〕3号,任包泽 ,null, , ,重要空白凭证管理混乱，监管意见落实不到位,《中华人民共和国银行业监督管理法》第四十八条规定,警告,吕梁银监分局,2017-4-21
吕梁银监分局行政处罚信息公开表,2017-10-17,http://www.cbrc.gov.cn/chinese/home/docView/9FF44EAB8E8F41C58791E20D780DFFDC.html,吕银监罚决字〔2017〕2号,赵晋明,null, , ,重要空白凭证管理混乱，监管意见落实不到位,《中华人民共和国银行业监督管理法》第四十八条规定,警告,吕梁银监分局,2017-4-21
吕梁银监分局行政处罚信息公开表,2017-10-17,http://www.cbrc.gov.cn/chinese/home/docView/9CCD0E494C1249CEB2C61C8E5CF85358.html,吕银监罚决字〔2017〕1号, ,null,农业银行方山县支行,郭建伟,贷款调查不尽职，导致贷款虚假抵押登记并形成不良800万元,《中华人民共和国银行业监督管理法》第四十六条规定,罚款40万元,吕梁银监分局,2017-4-21
长治银监分局行政处罚信息公开表,2017-10-17,http://www.cbrc.gov.cn/chinese/home/docView/0CDA68F56FA04547B2457B2DCA31B81F.html,长银监罚决字〔2017〕14号,王国平,null,null,null,违规发放贷款,《银监法》第四十八条,警告,长治银监分局,2017-8-25
中国银监会淄博监管分局行政处罚信息公开表,2017-10-17,http://www.cbrc.gov.cn/chinese/home/docView/BDE2F9270B5C4309BA286C1B7E11B2AF.html,淄银监罚决字〔2017〕7号, ,null,山东张店农村商业银行股份有限公司,张玉山,以贷转存,《中华人民共和国银行业监督管理法》第四十六条、《中华人民共和国行政处罚法》第二十七条,罚款20万元,中国银监会淄博监管分局,2017-9-13
长治银监分局行政处罚信息公开表,2017-10-17,http://www.cbrc.gov.cn/chinese/home/docView/5CCBDB4DF8A3416688472358A732BA3C.html,长银监罚决字〔2017〕13号,李宏伟,null,null,null,未经任职资格审查任命高管人员、违规发放贷款等,《银监法》第四十八条,警告,长治银监分局,2017-8-25
中国银行业监督管理委员会盐城监管分局行政处罚信息公开表,2017-10-30,http://www.cbrc.gov.cn/chinese/home/docView/304C25DDD60E4E5D8F7C359BBEEFE951.html,盐银监罚决字〔2017〕6号,NULL,NULL,中国工商银行股份有限公司盐城分行,陈向东,违规办理信用卡购车分期付款业务,《中华人民共和国银行业监督管理法》第四十六条第（五）项,罚款人民币二十五万元,"中国银行业监督管理委员会
盐城监管分局",2017-10-12
中国银行业监督管理委员会盐城监管分局行政处罚信息公开表,2017-10-30,http://www.cbrc.gov.cn/chinese/home/docView/FD5EF68F2C9048DABF7D75418B0EDF46.html,盐银监罚决字〔2017〕5号,NULL,NULL,中国邮政储蓄银行股份有限公司盐城市分行,何道友,办理无真实贸易背景的国内信用证业务,《中华人民共和国银行业监督管理法》第四十六条第（五）项,罚款人民币二十五万元,"中国银行业监督管理委员会
盐城监管分局",2017-10-12
中国银行业监督管理委员会盐城监管分局行政处罚信息公开表,2017-10-30,http://www.cbrc.gov.cn/chinese/home/docView/750B711C901E47F8B4FBE1FF26B44466.html,盐银监罚决字〔2017〕4号,NULL,NULL,中国工商银行股份有限公司射阳支行,丁成建,办理无真实贸易背景银行承兑汇票业务,《中华人民共和国银行业监督管理法》第四十六条第（五）项,罚款人民币二十五万元,"中国银行业监督管理委员会
盐城监管分局",2017-10-12
中国银行业监督管理委员会苏州监管分局行政处罚信息公开表,2017-10-30,http://www.cbrc.gov.cn/chinese/home/docView/8BE3AD7AAC5A46B98F3A2F497FB871DC.html,苏州银监罚决字〔2017〕6号,NULL,NULL,中国民生银行股份有限公司苏州分行,夏京利,消费贷款被挪用购买住房或投资领域，未经任职资格核准违规任命高管,《中华人民共和国银行业监督管理法》第四十六条第（一）项、第（五）项,罚款人民币七十五万元,"中国银行业监督管理委员会
苏州监管分局",2017-10-9
中国银行业监督管理委员会苏州监管分局行政处罚信息公开表,2017-10-30,http://www.cbrc.gov.cn/chinese/home/docView/B3623AD6EA484EE4A464ACC27C363C3C.html,苏州银监罚决字〔2017〕5号,NULL,NULL,上海银行股份有限公司苏州分行,崔庆军,以自有资金嵌套通道向房地产企业提供融资，贷款资金回流支付土地出让价款,《金融违法行为处罚办法》第十六条第二款,没收违法所得人民币144.7093万元，并处罚款人民币144.7093万元,"中国银行业监督管理委员会
苏州监管分局",2017-10-9
中国银行业监督管理委员会苏州监管分局行政处罚信息公开表,2017-10-30,http://www.cbrc.gov.cn/chinese/home/docView/D9DA919DD50F43FDAFC13F8A41ACB0D0.html,苏州银监罚决字〔2017〕4号,金晓文,NULL,NULL,NULL,在上海银行苏州分行以自有资金嵌套通道向房地产企业提供融资，贷款资金回流支付土地出让价款的违法违规行为中负管理责任,《中华人民共和国银行业监督管理法》第四十八条第（二）项,警告，罚款人民币十二万元,"中国银行业监督管理委员会
苏州监管分局",2017-10-9
中国银行业监督管理委员会常州监管分局行政处罚信息公开表,2017-10-30,http://www.cbrc.gov.cn/chinese/home/docView/17BA1A3A77BE4D8683A6979471BD9D9E.html,常银监罚决字﹝2017﹞8号,NULL,NULL,中信银行股份有限公司常州分行,丁义春,未按照规定检查监督贷款资金使用情况，致使贷款资金回流至借款人，对票据业务贸易背景真实性审查不严,《中华人民共和国银行业监督管理法》第四十六条第（五）项,罚款人民币三十万元,"中国银行业监督管理委员会
常州监管分局",2017-9-28
中国银行业监督管理委员会常州监管分局行政处罚信息公开表,2017-10-30,http://www.cbrc.gov.cn/chinese/home/docView/D0CBAD668EF04007B5ABBE22678C489A.html,常银监罚决字﹝2017﹞7号,NULL,NULL,"中国邮政储蓄银行股份有限公司
常州市分行",刘晓波,未按照规定检查监督贷款资金使用情况，致使信贷资金回流至借款人账户,《中华人民共和国银行业监督管理法》第四十六条第（五）项,罚款人民币三十万元,"中国银行业监督管理委员会
常州监管分局",2017-9-28
中国银行业监督管理委员会常州监管分局行政处罚信息公开表,2017-10-30,http://www.cbrc.gov.cn/chinese/home/docView/56D28CC79AD54438ABB9F6891EA44A1A.html,常银监罚决字﹝2017﹞6号,NULL,NULL,常州钟楼长江村镇银行股份有限公司,周亮,贷款“三查”不到位,《中华人民共和国银行业监督管理法》第四十六条第（五）项,罚款人民币三十万元,"中国银行业监督管理委员会
常州监管分局",2017-9-28
中国银行业监督管理委员会常州监管分局行政处罚信息公开表,2017-10-30,http://www.cbrc.gov.cn/chinese/home/docView/521A329483C34B999F74B4D89D376833.html,常银监罚决字〔2017〕5号,NULL,NULL,中国工商银行股份有限公司常州分行,张彬,对贸易背景真实性审查不严格，开立无真实贸易背景的承兑汇票并办理贴现;对贷后资金使用情况监控管理不到位，致使贷款资金被挪用还贷,《中华人民共和国银行业监督管理法》第四十六条第（五）项,罚款人民币四十万元,"中国银行业监督管理委员会
常州监管分局",2017-9-28
锦州银监分局行政处罚信息公开表,2017-10-30,http://www.cbrc.gov.cn/chinese/home/docView/97914388813045D58F97CBAC5DA7FA13.html,锦银监罚决字〔2017〕3号, ,null,凌海市农村信用合作联社,王广元,严重违反审慎经营规则，重组贷款分类不真实,《中华人民共和国银行业监督管理法》第四十六条,处人民币贰拾万元罚款,锦州银监分局,2017-10-13
中国银行业监督管理委员会白山监管分局行政处罚信息公开表,2017-10-27,http://www.cbrc.gov.cn/chinese/home/docView/DF7520A317CF47108D22AAEA0C4212BE.html,白山银监罚决字〔2017〕7号,许传东,抚松县农村信用合作联社,,,对抚松县农村信用合作联社“同业+委投”方式违规办理同业业务且授信（贷款）集中度超比例进行了决策，起到了决定性作用，负有领导责任。,《会计法》第二十六条、《中华人民共和国商业银行法》第三十九条第（四）项、《中华人民共和国银行业监督管理法》第四十八条第（二）项,警告，并罚款人民币5万元,"中国银行业监督管理委员会
白山监管分局",2017-10-11
中国银行业监督管理委员会白山监管分局行政处罚信息公开表,2017-10-27,http://www.cbrc.gov.cn/chinese/home/docView/12429F43843E4CB09BAAE44F28DF7AF4.html,白山银监罚决字〔2017〕6号,,,抚松县农村信用合作联社,解青春,以“同业+委投”方式违规办理同业业务且授信（贷款）集中度超比例,《会计法》第二十六条、《中华人民共和国商业银行法》第三十九条第（四）项、《中华人民共和国银行业监督管理法》第四十六条第（五）项,罚款人民币20万元,"中国银行业监督管理委员会
白山监管分局",2017-10-11
中国银监会台州监管分局行政处罚信息公开表,2017-10-26,http://www.cbrc.gov.cn/chinese/home/docView/8FCA4DBF9E6A47DDAF643274FF67FB04.html,台银监罚决字〔2017〕16号,牟建华,null, , ,违规收取专项资金托管费,《中华人民共和国商业银行法》第五十条、第八十九条；《中国银监会关于整治银行业金融机构不规范经营的通知》（银监发〔2012〕3号）,警告,中国银监会台州监管分局,2017-9-29
中国银监会台州监管分局行政处罚信息公开表,2017-10-26,http://www.cbrc.gov.cn/chinese/home/docView/58937BBB5DF447EFB7B1D965A7E0BE63.html,台银监罚决字〔2017〕15号, ,null,中国农业银行台州分行,鲍敏冲 ,违规收取专项资金托管费,《中华人民共和国商业银行法》第五十条、第七十三条；《中国银监会关于整治银行业金融机构不规范经营的通知》（银监发〔2012〕3号）,罚款人民币50万元,中国银监会台州监管分局,2017-9-29
中国银监会台州监管分局行政处罚信息公开表,2017-10-26,http://www.cbrc.gov.cn/chinese/home/docView/240BFB34F86648529E89AADA73139A42.html,台银监罚决字〔2017〕14号,浙江稠州商业银行台州分行,null, ,胡健敏   ,贷款资金转定期存款为贷款发放提供担保；向客户转嫁抵押登记费；办理无真实贸易背景银行承兑汇票业务及商业汇票贴现业务,《中华人民共和国银行业监督管理法》第二十一条、第四十六条；《中华人民共和国商业银行法》第五条、第三十五条、第七十三条；《中国银监会关于整治银行业金融机构不规范经营的通知》（银监发〔2012〕3号）；《中华人民共和国票据法》第十条；《中国银监会办公厅关于加强银行承兑汇票业务监管的通知》（银监办发〔2012〕286号）；《中国银监会办公厅关于银行承兑汇票业务案件风险提示的通知》（银监办发〔2011〕206号）,罚款人民币55万元,中国银监会台州监管分局,2017-9-29
中国银监会台州监管分局行政处罚信息公开表,2017-10-26,http://www.cbrc.gov.cn/chinese/home/docView/57E3D8F1F373498F83DADA90EED3237E.html,台银监罚决字〔2017〕13号,吕新妙,null, , ,贷款资金转定期存款为贷款发放提供担保,《中华人民共和国银行业监督管理法》第二十一条、第四十八条；《中华人民共和国商业银行法》第三十五条,警告,中国银监会台州监管分局,2017-9-27
中国银监会丽水监管分局行政处罚信息公开表,2017-10-26,http://www.cbrc.gov.cn/chinese/home/docView/1999910767FE4D0F8E63833E6AE71C62.html,丽银监罚决字〔2017〕7号, ,null,浙江青田农村商业银行,周章法,发放贷款用于银行承兑汇票承兑业务保证金、承兑汇票兑付、归还贷款,《中华人民共和国商业银行法》第三十五条；《中华人民共和国银行业监督管理法》第二十一条、第四十六条；《中国银监会办公厅关于银行承兑汇票业务案件风险提示的通知》（银监办〔2011〕206号）,罚款人民币25万元,中国银监会丽水监管分局,2017-10-11
中国银行业监督管理委员会遵义监管分局行政处罚信息公开表,2017-10-25,http://www.cbrc.gov.cn/chinese/home/docView/AB68AE98DB564283B4A56024B3291EB0.html,遵银监罚决字〔2017〕16号,杨佳鑫,null, , ,任贵州仁怀茅台农村商业银行董事长期间，参与该行虚假出表不良信贷资产的决策，并在该过程中起到决定性作用，应负领导责任。,《中华人民共和国银行业监督管理法》第二十一条、第四十六条、第四十八条,罚款人民币五万元。,中国银行业监督管理委员会遵义监管分局,2017-10-16
中国银行业监督管理委员会遵义监管分局行政处罚信息公开表,2017-10-25,http://www.cbrc.gov.cn/chinese/home/docView/E9CAE6FA732D496683A9F33D542CA5C8.html,遵银监罚决字〔2017〕15号, ,null,贵州仁怀茅台农村商业银行股份有限公司,杨佳鑫,虚假出表不良信贷资产,《中华人民共和国银行业监督管理法》第二十一条、第四十六条,罚款人民币三十万元。,中国银行业监督管理委员会遵义监管分局,2017-10-16
中国银行业监督管理委员会铜仁监管分局行政处罚信息公开表,2017-10-25,http://www.cbrc.gov.cn/chinese/home/docView/63A668CF5BA941659D9792CF7C8DC305.html,铜银监罚决字〔2017〕6号, ,null,印江土家族苗族自治县农村信用合作联社,杨胜荣,遗失金融许可证长期未向监管部门报告,《金融许可证管理办法》第十六条,罚款人民币三万元,中国银行业监督管理委员会铜仁监管分局,2017-9-29
中国银行业监督管理委员会铜仁监管分局行政处罚信息公开表,2017-10-25,http://www.cbrc.gov.cn/chinese/home/docView/61387D94EE2B49F9972B2A0115D97708.html,铜银监罚决字〔2017〕5号,蒋劲松,null, , ,任松桃苗族自治县农村信用合作联社主任期间，作为违规发放流动资金贷款的主要审批人，负有直接责任。,《中华人民共和国银行业监督管理法》第四十八条,警告,中国银行业监督管理委员会铜仁监管分局,2017-9-29
中国银行业监督管理委员会铜仁监管分局行政处罚信息公开表,2017-10-25,http://www.cbrc.gov.cn/chinese/home/docView/41F5C3AFA03A4083B3786B4B6ACE368F.html,铜银监罚决字〔2017〕4号,吴光前,null, , ,吴光前任松桃苗族自治县农村信用合作联社理事长期间，作为违规发放流动资金贷款的最终审批人，负有直接责任。,《中华人民共和国银行业监督管理法》第四十八条,警告,中国银行业监督管理委员会铜仁监管分局,2017-9-29
中国银行业监督管理委员会铜仁监管分局行政处罚信息公开表,2017-10-25,http://www.cbrc.gov.cn/chinese/home/docView/BEEFF95940A44817B675BF11E6D440FA.html,铜银监罚决字〔2017〕3号, ,null,松桃苗族自治县农村信用合作联社,吴光前,违规发放流动资金贷款,《中华人民共和国银行业监督管理法》第四十六条,罚款人民币三十万元,中国银行业监督管理委员会铜仁监管分局,2017-9-29
中国银行业监督管理委员会黔西南监管分局行政处罚信息公开表,2017-10-25,http://www.cbrc.gov.cn/chinese/home/docView/00E5A0E8D8A246FBB3FE3D58A768E7B3.html,黔西南银监罚决字〔2017〕7号,,NULL,望谟县农村信用合作联社,王林,向不具备借款主体资格的借款人发放贷款，贷前调查不尽职；未落实审批部门意见违规发放贷款；资金支付审核流于形式，导致个别贷款形成风险隐患。,"《中华人民共和国银行业监督管理法》
第四十六条",罚款人民币二十万元,"中国银行业监督管理委员会
黔西南监管分局",2017-9-29
中国银行业监督管理委员会黔西南监管分局行政处罚信息公开表,2017-10-25,http://www.cbrc.gov.cn/chinese/home/docView/298090C755ED43A7A978BDEED0A317B2.html,黔西南银监罚决字〔2017〕6号,黄跃南,NULL,,,任望谟县农村信用合作联社麻山信用社主任期间，对该社向不具备借款主体资格的借款人发放贷款，未落实审批部门审批意见，贷款违规发放并已形成不良应负领导责任。,"《中华人民共和国银行业监督管理法》
第四十八条",警告,"中国银行业监督管理委员会
黔西南监管分局",2017-9-29
中国银行业监督管理委员会黔西南监管分局行政处罚信息公开表,2017-10-25,http://www.cbrc.gov.cn/chinese/home/docView/A320B4DFDE8949A28C7271F64CDB56F4.html,黔西南银监罚决字〔2017〕5号,成智敏,NULL,,,任望谟县农村信用合作联社复兴信用社主任期间，对该社存在向不具备借款主体资格的借款人发放贷款，资金支付审核流于形式，贷款已形成不良；超越权限授信评级，对借款人主体资格把控不严，资金支付审核流于形式，部分资金被转移用于归还他人贷款等问题，应负领导责任。,"《中华人民共和国银行业监督管理法》
第四十八条",警告并处罚款人民币五万元,"中国银行业监督管理委员会
黔西南监管分局",2017-9-29
中国银行业监督管理委员会黔西南监管分局行政处罚信息公开表,2017-10-25,http://www.cbrc.gov.cn/chinese/home/docView/612AECA0604C4AB397E0B6F68FE680E2.html,黔西南银监罚决字〔2017〕4号,,NULL,安龙农村商业银行,李一凡,贷款“三查”不尽职、以贷收息、流动资金贷款支付使用中未遵循实贷实付原则,"《中华人民共和国银行业监督管理法》
第四十六条",罚款人民币二十万元,"中国银行业监督管理委员会
黔西南监管分局",2017-9-29
中国银行业监督管理委员会黔南监管分局行政处罚信息公开表,2017-10-25,http://www.cbrc.gov.cn/chinese/home/docView/DA5645D76F634854BB67E02D713C0AF7.html,黔南银监罚决字〔2017〕9号, ,null,中国银行股份有限公司都匀分行,柴亚平,违规发放个人住房贷款,《中华人民共和国银行业监督管理法》第四十六条,罚款人民币二十万元,中国银行业监督管理委员会黔南监管分局,2017-10-18
中国银行业监督管理委员会黔南监管分局行政处罚信息公开表,2017-10-25,http://www.cbrc.gov.cn/chinese/home/docView/9DC03B51AFBD470DBBAB259829B7D4A9.html,黔南银监罚决字〔2017〕8号, ,null,贵州惠水农村商业银行股份有限公司,龙浩,贷款支付不合规,《中华人民共和国银行业监督管理法》第四十六条,罚款人民币二十万元,中国银行业监督管理委员会黔南监管分局,2017-9-30
中国银行业监督管理委员会黔南监管分局行政处罚信息公开表,2017-10-25,http://www.cbrc.gov.cn/chinese/home/docView/51975F5D516C4494AB39E7011771C411.html,黔南银监罚决字〔2017〕7号, ,null,贵州惠水农村商业银行股份有限公司,龙浩,签发无真实贸易背景的银行承兑汇票,《中华人民共和国银行业监督管理法》第四十六条,罚款人民币二十万元,中国银行业监督管理委员会黔南监管分局,2017-9-30
中国银行业监督管理委员会黔南监管分局行政处罚信息公开表,2017-10-25,http://www.cbrc.gov.cn/chinese/home/docView/3D7FAD621C7044239970B31CC1570172.html,黔南银监罚决字〔2017〕6号, ,null,贵定县农村信用合作联社,封光荣,违规签发无真实贸易背景的银行承兑汇票,《中华人民共和国银行业监督管理法》第四十六条,罚款人民币二十万元,中国银行业监督管理委员会黔南监管分局,2017-9-30
中国银行业监督管理委员会黔南监管分局行政处罚信息公开表,2017-10-25,http://www.cbrc.gov.cn/chinese/home/docView/49DC399D2A8C4FB69054C4A8AA27F7B4.html,黔南银监罚决字〔2017〕5号, ,null,贵定县农村信用合作联社,封光荣,对一个关联法人所在集团客户的贷款余额超过资本净额的15%,《中华人民共和国银行业监督管理法》第四十六条,罚款人民币二十万元,中国银行业监督管理委员会黔南监管分局,2017-9-30
中国银行业监督管理委员会黔南监管分局行政处罚信息公开表,2017-10-25,http://www.cbrc.gov.cn/chinese/home/docView/8DE1423857A14E95BDE662DF361E34E0.html,黔南银监罚决字〔2017〕4号, ,null,龙里国丰村镇银行有限责任公司,秦艳,同业业务不规范，存放同业款项严重超比例,《中华人民共和国银行业监督管理法》第四十六条,罚款人民币二十万元,中国银行业监督管理委员会黔南监管分局,2017-9-30
中国银行业监督管理委员会黔东南监管分局行政处罚信息公开表,2017-10-25,http://www.cbrc.gov.cn/chinese/home/docView/DD403DB2D6064BA2BEE80E64478F5EAF.html,"黔东南银监罚决字〔2017〕22 号",潘玺东,NULL,,,潘玺东作为贵州黄平农村商业银行副行长（主持工作），对该行向关系人发放担保贷款的条件优于其他借款人同类贷款的条件及信贷管理不到位问题负直接领导责任。,《中华人民共和国银行业监督管理法》第四十八条,罚款人民币五万元,"中国银行业监督管理委员会
黔东南监管分局",2017-9-30
中国银行业监督管理委员会黔东南监管分局行政处罚信息公开表,2017-10-25,http://www.cbrc.gov.cn/chinese/home/docView/31E2CE8CA93244B487296740334C411D.html,"黔东南银监罚决字〔2017〕21 号",,NULL,贵州黄平农村商业银行股份有限公司,吴世礼,向关系人发放担保贷款的条件优于其他借款人同类贷款的条件、信贷业务管理不到位。,《中华人民共和国商业银行法》第七十四条、《中华人民共和国银行业监督管理法》第四十六条,罚款人民币七十万元,"中国银行业监督管理委员会
黔东南监管分局",2017-9-30
中国银行业监督管理委员会黔东南监管分局行政处罚信息公开表,2017-10-25,http://www.cbrc.gov.cn/chinese/home/docView/4AFF756A9D264096A035E96879588B49.html,黔东南银监罚决字〔2017〕20号,袁仁波,NULL,,,袁仁波作为岑巩县农村信用合作联社副主任，对该社违规减免职工贷款利息负直接领导责任，对发放按揭贷款不合规问题负有管理不到位责任。,《中华人民共和国银行业监督管理法》第四十八条,罚款人民币五万元,"中国银行业监督管理委员会
黔东南监管分局",2017-9-30
中国银行业监督管理委员会黔东南监管分局行政处罚信息公开表,2017-10-25,http://www.cbrc.gov.cn/chinese/home/docView/F6CF8C037F2F4A089D21280975CAF286.html,黔东南银监罚决字〔2017〕19号,,NULL,岑巩县农村信用合作联社,罗兴成,向关系人发放担保贷款的条件优于其他借款人同类贷款的条件、违规对内部职工贷款进行利息减免、违规办理票据业务及发放商用房按揭贷款不合规。,《中华人民共和国商业银行法》第七十四条、《中华人民共和国银行业监督管理法》第四十六条。,罚款人民币八十万元,"中国银行业监督管理委员会
黔东南监管分局",2017-9-30
中国银行业监督管理委员会黔东南监管分局行政处罚信息公开表,2017-10-25,http://www.cbrc.gov.cn/chinese/home/docView/55DF0B0F43B3497B87F46F465D2C8AAF.html,"黔东南银监罚决字〔2017〕18 号",罗兴成,NULL,,,罗兴成作为岑巩县农村信用合作联社理事长，对该联社违规减免职工贷款利息负直接领导责任、对违规办理票据业务及发放商用房按揭贷款不合规负领导责任。,《中华人民共和国银行业监督管理法》第四十八条,警告并罚款人民币五万元,"中国银行业监督管理委员会
黔东南监管分局",2017-9-30
中国银行业监督管理委员会黔东南监管分局行政处罚信息公开表,2017-10-25,http://www.cbrc.gov.cn/chinese/home/docView/447D156D964643FABA58AA3DBB3A83CB.html,"黔东南银监罚决字〔2017〕17 号",余书国,NULL,,,余书国作为岑巩县农村信用合作联社副主任（主持工作），对该社违规办理票据业务负直接领导责任。,《中华人民共和国银行业监督管理法》第四十八条,警告并罚款人民币五万元,"中国银行业监督管理委员会
黔东南监管分局",2017-9-30
中国银行业监督管理委员会黔东南监管分局行政处罚信息公开表,2017-10-25,http://www.cbrc.gov.cn/chinese/home/docView/3009CBB5D27A40128BB019C3A7B78A83.html,"黔东南银监罚决字〔2017〕16 号",吴帆,NULL,,,吴帆作为贵州从江农村商业银行副行长（主持工作），对该行信贷业务管理不到位问题负直接领导责任。,《个人贷款管理暂行办法》第四十二条、《中华人民共和国银行业监督管理法》第四十八条,罚款人民币五万元,"中国银行业监督管理委员会
黔东南监管分局",2017-9-30
中国银行业监督管理委员会黔东南监管分局行政处罚信息公开表,2017-10-25,http://www.cbrc.gov.cn/chinese/home/docView/A22211058E684601AF50114A4D57AC2A.html,"黔东南银监罚决字〔2017〕15 号",韦汝泉,NULL,,,韦汝泉作为从江农村商业银行董事长对该行信贷业务管理不到位问题负领导责任。,《个人贷款管理暂行办法》第四十二条、《中华人民共和国银行业监督管理法》第四十八条,罚款人民币五万元,"中国银行业监督管理委员会
黔东南监管分局",2017-9-30
中国银行业监督管理委员会黔东南监管分局行政处罚信息公开表,2017-10-25,http://www.cbrc.gov.cn/chinese/home/docView/3FCEBE7F96E241C590735571B91A59E0.html,黔东南银监罚决字〔2017〕14号,,NULL,贵州从江农村商业银行股份有限公司,韦汝泉,信贷业务管理不到位,《中华人民共和国银行业监督管理法》第四十六条,罚款人民币二十万元,"中国银行业监督管理委员会
黔东南监管分局",2017-9-30
中国银行业监督管理委员会六盘水监管分局行政处罚信息公开表,2017-10-25,http://www.cbrc.gov.cn/chinese/home/docView/C422602365B14D6A9D466DE98BB87CDD.html,六银监罚决字〔2017〕8号, ,null,中国工商银行股份有限公司六盘水分行,袁珍凡,贷款五级分类失真,《中华人民共和国银行业监督管理法》第四十六条第五款,罚款人民币二十万元,中国银行业监督管理委员会六盘水监管分局,2017-9-25
中国银行业监督管理委员会六盘水监管分局行政处罚信息公开表,2017-10-25,http://www.cbrc.gov.cn/chinese/home/docView/95C1518764384D558D6B0D8EF3B8EE0D.html,六银监罚决字〔2017〕7号,郭翔,null, , ,担任六盘水农商行副行长（主持工作）期间，该行授信管理不尽职；违规办理贸易背景不清的承兑业务；相同客户同质同类问题屡查屡犯。,《中华人民共和国银行业监督管理法》第四十八条第二款,罚款人民币五万元,中国银行业监督管理委员会六盘水监管分局,2017-9-25
中国银行业监督管理委员会六盘水监管分局行政处罚信息公开表,2017-10-25,http://www.cbrc.gov.cn/chinese/home/docView/D2BBD808AF5C4432BD3F9F0DB6DA6A0F.html,六银监罚决字〔2017〕6号,张勇,null, , ,担任六盘水农商行董事长期间，该行授信管理不尽职；违规办理贸易背景不清的承兑业务；相同客户同质同类问题屡查屡犯。,《中华人民共和国银行业监督管理法》第四十八条第二款,罚款人民币五万元,中国银行业监督管理委员会六盘水监管分局,2017-9-25
中国银行业监督管理委员会六盘水监管分局行政处罚信息公开表,2017-10-25,http://www.cbrc.gov.cn/chinese/home/docView/9C4ACD63430C413DA8ED318E98102BF6.html,六银监罚决字〔2017〕5号, ,null,六盘水农村商业银行股份有限公司,张勇,授信管理不尽职；违规办理贸易背景不清的承兑业务；相同客户同质同类问题屡查屡犯。,《中华人民共和国银行业监督管理法》第四十六条第五款,罚款人民币三十万元,中国银行业监督管理委员会六盘水监管分局,2017-9-25
中国银行业监督管理委员会六盘水监管分局行政处罚信息公开表,2017-10-25,http://www.cbrc.gov.cn/chinese/home/docView/1B9AFE305F334AFC938CCD9D3FAD46B6.html,六银监罚决字〔2017〕4号,黄浩,null, , ,担任盘县万和村镇银行行长期间，决策同意并参与实施该行违规以同业存款名义进行同业投资；未对同业投资进行风险审查和资金投向合规性审查。,《中华人民共和国银行业监督管理法》第四十八条第二款,罚款人民币五万元,中国银行业监督管理委员会六盘水监管分局,2017-9-25
中国银行业监督管理委员会六盘水监管分局行政处罚信息公开表,2017-10-25,http://www.cbrc.gov.cn/chinese/home/docView/C4B7B270B68F4838A79CAF6A615246C5.html,六银监罚决字〔2017〕3号,付勇,null, , ,担任盘县万和村镇银行董事长期间，决策同意该行违规以同业存款名义进行同业投资；未对同业投资进行风险审查和资金投向合规性审查。,《中华人民共和国银行业监督管理法》第四十八条第二款,罚款人民币五万元,中国银行业监督管理委员会六盘水监管分局,2017-9-25
中国银行业监督管理委员会六盘水监管分局行政处罚信息公开表,2017-10-25,http://www.cbrc.gov.cn/chinese/home/docView/EEF41290ECA84C3A914BB23437987D51.html,六银监罚决字〔2017〕2号, ,null,盘县万和村镇银行有限责任公司,付勇,违规以同业存款名义进行同业投资；未对同业投资进行风险审查和资金投向合规性审查。,《中华人民共和国银行业监督管理法》第四十六条,罚款人民币二十万元,中国银行业监督管理委员会六盘水监管分局,2017-9-25
中国银行业监督管理委员会毕节监管分局行政处罚信息公开表,2017-10-25,http://www.cbrc.gov.cn/chinese/home/docView/525A4E2B4DC14BA3AFF49033E7FE9296.html,毕银监罚决字〔2017〕10号,常青,null, , ,任对毕节发展村镇银行董事长期间，未有效履行职责，对该行内部控制体系不健全，违规发放贷款行为负主要领导责任,《中华人民共和国银行业监督管理法》第四十八条,警告,中国银行业监督管理委员会毕节监管分局,2017-9-30
中国银行业监督管理委员会毕节监管分局行政处罚信息公开表,2017-10-25,http://www.cbrc.gov.cn/chinese/home/docView/27E3BEDF5A624DF3AE14D4AA15D0D4DC.html,毕银监罚决字〔2017〕9号,       ,null,毕节发展村镇银行有限责任公司,常青,内部控制体系不健全，全行合规意识、风险意识较低,《中华人民共和国银行业监督管理法》第四十六条,罚款人民币二十万元,中国银行业监督管理委员会毕节监管分局,2017-9-30
中国银行业监督管理委员会毕节监管分局行政处罚信息公开表,2017-10-25,http://www.cbrc.gov.cn/chinese/home/docView/3255DE5EF8D9454EBE4DC404B6253DA0.html,毕银监罚决字〔2017〕8号,       ,null,贵州织金农村商业银行股份有限公司,张贵龙,违规办理创新业务、违规办理同业业务,《中华人民共和国银行业监督管理法》第四十六条,罚款人民币二十万元,中国银行业监督管理委员会毕节监管分局,2017-9-30
中国银行业监督管理委员会毕节监管分局行政处罚信息公开表,2017-10-25,http://www.cbrc.gov.cn/chinese/home/docView/8A1437B46C804707BC2A19E05A04A0B5.html,毕银监罚决字〔2017〕7号, ,null,金沙县农村信用合作联社,李传熙,虚假转让不良信贷资产、违规发放贷款,《中华人民共和国银行业监督管理法》第四十六条,罚款人民币二十万元,中国银行业监督管理委员会毕节监管分局,2017-9-30
中国银行业监督管理委员会毕节监管分局行政处罚信息公开表,2017-10-25,http://www.cbrc.gov.cn/chinese/home/docView/2383035D6D8D40639B1F98565B8C926F.html,毕银监罚决字〔2017〕6号,张鸿翔,null, , ,任毕节发展村镇银行行长期间，分管综合管理部和小企业农村部，负责全行信贷政策管理、制度管理和业务监控等，未有效履行职责，对该行内部控制体系不健全、违规发放贷款行为负管理责任,《中华人民共和国银行业监督管理法》第四十八条,警告,中国银行业监督管理委员会毕节监管分局,2017-9-30
中国银行业监督管理委员会安顺监管分局行政处罚信息公开表,2017-10-25,http://www.cbrc.gov.cn/chinese/home/docView/629F918C55624E94B9C65893D9C8E114.html,安银监罚决字〔2017〕10号,胡云,null, , ,任贵州关岭农村商业银行股份有限公司董事长期间，负责该行全面工作，未认真履行职责，风险把控不足，致使该行内部管理混乱，造成违规发放贷款，信贷资金被挪用。,《中华人民共和国银行业监督管理法》第四十八条,罚款人民币五万元。,中国银行业监督管理委员会安顺监管分局,2017-9-25
中国银行业监督管理委员会安顺监管分局行政处罚信息公开表,2017-10-25,http://www.cbrc.gov.cn/chinese/home/docView/CC68B04C56A74D7ABD6856E5B9A50DD6.html,安银监罚决字〔2017〕9号, ,null,贵州关岭农村商业银行股份有限公司,李勇,内部管理混乱导致违规发放贷款,《流动资金贷款管理暂行办法》第三十九条、《中华人民共和国银行业监督管理法》第四十六条,罚款人民币四十万元。,中国银行业监督管理委员会安顺监管分局,2017-9-25
中国银行业监督管理委员会安顺监管分局行政处罚信息公开表,2017-10-25,http://www.cbrc.gov.cn/chinese/home/docView/93D33A1844944F04A4BBDE635AB5CBCB.html,安银监罚决字〔2017〕8号,杨全灏,null, , ,任贵州关岭农村商业银行股份有限公司副行长（主持工作）期间，负责该行经营层工作，未认真履行高级管理人员职责，对风险把控不足，致使该行内部管理混乱，造成违规发放贷款，信贷资金被挪用。,《中华人民共和国银行业监督管理法》第四十八条,罚款人民币五万元。,中国银行业监督管理委员会安顺监管分局,2017-9-25
昌吉银监分局行政处罚信息公开表,2017-10-23,http://www.cbrc.gov.cn/chinese/home/docView/A45775CA5BB245548E9C498607025D67.html,昌银监罚决字〔2017〕10号,胡伟,null,——,——,被处罚当事人担任昌吉国民村镇银行行长助理期间，应对该行开展流动资金贷款业务时未有效监督贷款资金，严重违反审慎经营承担直接管理责任。,《中华人民共和国银行业监督管理法》、《中华人民共和国行政处罚法》,罚款人民币二万元,昌吉银监分局,2017-9-28
昌吉银监分局行政处罚信息公开表,2017-10-23,http://www.cbrc.gov.cn/chinese/home/docView/1B8386E070934A04ABD53359C155F76A.html,昌银监罚决字〔2017〕9号,——,null,  昌吉国民村镇银行股份有限公司,童欣,被处罚当事人开展流动资金贷款业务中，存在未有效监督贷款资金等严重违反审慎经营行为。,《中华人民共和国银行业监督管理法》,罚款人民币20万,昌吉银监分局,2017-9-28
玉林银监分局行政处罚信息公开表,2017-10-23,http://www.cbrc.gov.cn/chinese/home/docView/EEA7C24B1B23483491455579F83568A3.html,玉银监罚决字〔2017〕2号, ,null,工商银行玉林分行,黄伟,借贷捆绑保险,《中华人民共和国商业银行法》第七十三条第一款第（四）项和第二款、《中华人民共和国行政处罚法》第二十七条,没收违法所得人民币25173.35元，并处罚款人民币5万元,玉林银监分局,2017-10-13
中国银行业监督管理委员会宿迁监管分局行政处罚信息公开表,2017-10-23,http://www.cbrc.gov.cn/chinese/home/docView/9A47D77E43C84F71871EB096D2609026.html,宿银监罚决字〔2017〕5号,NULL,NULL,中国邮政储蓄银行宿迁市分行,肖勇,循环开票滚动贴现虚增业务规模,《中华人民共和国银行业监督管理法》第四十六条第（五）项,罚款人民币三十万元,"中国银行业监督管理委员会
宿迁监管分局",2017-10-9
中国银行业监督管理委员会宿迁监管分局行政处罚信息公开表,2017-10-23,http://www.cbrc.gov.cn/chinese/home/docView/A39ADB333BF14EAA9A3C5889D05C5470.html,宿银监罚决字〔2017〕4号,朱鹏程,NULL,NULL,NULL,对泗洪农商行通过借新还旧掩盖不良问题负领导责任,《中华人民共和国银行业监督管理法》第四十八条第（二）项,罚款人民币五万元,"中国银行业监督管理委员会
宿迁监管分局",2017-10-9
中国银行业监督管理委员会宿迁监管分局行政处罚信息公开表,2017-10-23,http://www.cbrc.gov.cn/chinese/home/docView/15B98BCB7374496A956A60907AFEFC42.html,宿银监罚决字〔2017〕3号,NULL,NULL,江苏泗洪农村商业银行股份有限公司,巩大兵,通过违规销记贷款利息、调整欠息科目方式，办理借新还旧掩盖不良贷款；贷款资金被挪作银行承兑汇票保证金,《中华人民共和国银行业监督管理法》第四十六条第（五）项,罚款人民币四十三万元,"中国银行业监督管理委员会
宿迁监管分局",2017-10-9
中国银行业监督管理委员会宿迁监管分局行政处罚信息公开表,2017-10-23,http://www.cbrc.gov.cn/chinese/home/docView/F5802DC5D8FC4CA5AD9BAACD3B46C97F.html,宿银监罚决字〔2017〕2号,NULL,NULL,江苏泗阳农村商业银行,朱彩涛,未经任职资格核准允许董事履职,《中华人民共和国银行业监督管理法》第四十六条第（五）项,罚款人民币二十万元,"中国银行业监督管理委员会
宿迁监管分局",2017-10-9
中国银行业监督管理委员会连云港监管分局行政处罚信息公开表,2017-10-23,http://www.cbrc.gov.cn/chinese/home/docView/5230B86DF643428F8F708AEE85991978.html,连银监罚决字〔2017〕6号,杨思鉴,NULL,NULL,NULL,未有效履行岗位职责，对该行违规核销贷款的行为负有领导责任,《中华人民共和国银行业监督管理法》第四十八条第（二）项,警告,"中国银行业监督管理委员会
连云港监管分局",2017-9-26
中国银行业监督管理委员会连云港监管分局行政处罚信息公开表,2017-10-23,http://www.cbrc.gov.cn/chinese/home/docView/7B7CFDE55A194F678162600986912F1E.html,连银监罚决字〔2017〕5号,陈强,NULL,NULL,NULL,未有效履行岗位职责，对该行违规核销贷款的行为负有领导责任,《中华人民共和国银行业监督管理法》第四十八条第（二）项,警告,"中国银行业监督管理委员会
连云港监管分局",2017-9-26
中国银行业监督管理委员会连云港监管分局行政处罚信息公开表,2017-10-23,http://www.cbrc.gov.cn/chinese/home/docView/FD745F4C85844BF58CE116A81989B619.html,连银监罚决字〔2017〕4号,徐要军,NULL,NULL,NULL,未能有效履行案防制度制定和执行的第一责任人职责，对该行未将涉嫌犯罪的案件移交公安、司法机关的违规事实负有领导责任,《中华人民共和国银行业监督管理法》第四十八条第（二）项,警告,"中国银行业监督管理委员会
连云港监管分局",2017-9-26
中国银行业监督管理委员会连云港监管分局行政处罚信息公开表,2017-10-23,http://www.cbrc.gov.cn/chinese/home/docView/0D51A2B37EAB4D729B2028A338860838.html,连银监罚决字〔2017〕3号,NULL,NULL,中国邮政储蓄银行股份有限公司连云港市分行,徐要军,对涉嫌犯罪的案件未移送公安、司法机关；违规核销贷款；乱设“信贷服务站点”,《中华人民共和国银行业监督管理法》第四十六条第（五）项,罚款人民币八十万元,"中国银行业监督管理委员会
连云港监管分局",2017-9-26
吕梁银监分局行政处罚信息公开表,2017-10-23,http://www.cbrc.gov.cn/chinese/home/docView/6A61ECF6804A42548B59252E6C8AC4BC.html,吕银监罚决字〔2017〕23号,王伟,null, , ,参与某公司社团贷款时，未对借款人的信用状况进行独立评估,《中华人民共和国银行业监督管理法》第四十八条规定,警告,吕梁银监分局,2017-4-21
吕梁银监分局行政处罚信息公开表,2017-10-23,http://www.cbrc.gov.cn/chinese/home/docView/EB0DC1FD62B1436D9C7E02CE61F4FD7F.html,吕银监罚决字〔2017〕22号, ,null,汾阳农村信用合作联社  ,王伟,参与某公司社团贷款时，未对借款人的信用状况进行独立评估,《中华人民共和国银行业监督管理法》第四十六条规定,罚款30万元,吕梁银监分局,2017-4-21
吕梁银监分局行政处罚信息公开表,2017-10-23,http://www.cbrc.gov.cn/chinese/home/docView/4A4CC1AB122C4F8BB91ABC8600995286.html,吕银监罚决字〔2017〕21号,李晓锦,null, , ,参与某公司社团贷款时，未对借款人的信用状况进行独立评估,《中华人民共和国银行业监督管理法》第四十八条规定,警告,吕梁银监分局,2017-4-21
吕梁银监分局行政处罚信息公开表,2017-10-23,http://www.cbrc.gov.cn/chinese/home/docView/DF7694E58BAC4707ADA99C3C3769AD30.html,吕银监罚决字〔2017〕20号,  ,null,柳林农村信用合作联社   ,吴青平,参与某公司社团贷款时，未对借款人的信用状况进行独立评估,《中华人民共和国银行业监督管理法》第四十六条规定,罚款30万元,吕梁银监分局,2017-4-21
吕梁银监分局行政处罚信息公开表,2017-10-23,http://www.cbrc.gov.cn/chinese/home/docView/881C5C9EBBEF4675BEF37BAE43515F44.html,吕银监罚决字〔2017〕19号,郭芝斌    ,null, , ,参与某公司社团贷款时，未对借款人的信用状况进行独立评估,《中华人民共和国银行业监督管理法》第四十八条规定,警告,吕梁银监分局,2017-4-21
松原银监分局行政处罚信息公开表,2017-10-20,http://www.cbrc.gov.cn/chinese/home/docView/43CFA7BBF61D4D529D76A05837510FB5.html,松银监罚决字〔2017〕30号,黄立伟,扶余惠民村镇银行股份有限公司, ,,黄立伟作为扶余惠民村镇银行股份有限公司原经营班子负责人，参与该行违规发放贷款的决策，在该过程中起到决定性作用，应负领导责任。,《贷款通则》第十九条；《中华人民共和国商业银行法》第三十九条；《个人定期存单质押贷款办法》第四条；《中华人民共和国银行业监督管理法》第二十一条第三款、第四十八条第（二）项。,警告、并罚款5万元人民币。,松原银监分局,2017-9-22
松原银监分局行政处罚信息公开表,2017-10-20,http://www.cbrc.gov.cn/chinese/home/docView/ADCFEA31CA6B4068971FA4CFFCEFAE7F.html,松银监罚决字〔2017〕29号, , ,扶余惠民村镇银行股份有限公司,朱卫东,违规发放贷款,《贷款通则》第十九条；《中华人民共和国商业银行法》第三十九条；《个人定期存单质押贷款办法》第四条；《中华人民共和国银行业监督管理法》第二十一条第三款、第四十六条第（五）项。,罚款20万元人民币。,松原银监分局,2017-9-22
中国银监会临沂监管分局行政处罚信息公开表,2017-10-31,http://www.cbrc.gov.cn/chinese/home/docView/09858374D98C401E8E9C69C264D34F32.html,临银监罚决字〔2017〕11号, ,null,浦发银行临沂分行,姜健,办理无真实贸易背景承兑汇票及贴现,《中华人民共和国银行业监督管理法》第四十六条,罚款20万元,中国银监会临沂监管分局,2017-10-26
